n_parameters,computation_time,objective_value,test_case,elec-resistance,memb-cond-correction,alpha-c,B_ch,ionomer-cond-corr,i0-c,Sh,E-act-ca,memb-cond-exp,memb-equiv-weight,gdl-thermal-cond,memb-E-act-cond,gamma-c,memb-abs-constant,ix-corr,ionomer-cond-exp,gdl-eff-diff-ratio,memb-thickness,tcr,gdl-thickness,gdl-abs-perm,pt-loading,ionomer-E-act-cond,memb-water-diff,ic-ratio,radius-carbon,ecsa
1,0.1366558074951172,0.9543219716953134,1,1e-06,,,,,,,,,,,,,,,,,,,,,,,,,,
1,0.11525583267211914,1.014740922000176,2,1e-06,,,,,,,,,,,,,,,,,,,,,,,,,,
1,0.11781573295593262,0.6496319577603464,3,1e-06,,,,,,,,,,,,,,,,,,,,,,,,,,
1,0.11452317237854004,0.7424725194317232,4,1e-06,,,,,,,,,,,,,,,,,,,,,,,,,,
1,0.11913275718688965,0.9542238034084296,5,1e-06,,,,,,,,,,,,,,,,,,,,,,,,,,
1,0.1201181411743164,0.7800776813480121,6,1e-06,,,,,,,,,,,,,,,,,,,,,,,,,,
1,0.11219906806945801,1.0079776785378594,7,1e-06,,,,,,,,,,,,,,,,,,,,,,,,,,
1,0.11677789688110352,1.0197000509547094,8,1e-06,,,,,,,,,,,,,,,,,,,,,,,,,,
1,0.11521577835083008,1.007875626132708,9,1e-06,,,,,,,,,,,,,,,,,,,,,,,,,,
2,1.1779351234436035,0.0012039342636071646,1,3.677815061613063e-06,49.999999999999986,,,,,,,,,,,,,,,,,,,,,,,,,
2,1.052262783050537,0.0011046995526810815,2,3.611550985249512e-06,49.999999999999986,,,,,,,,,,,,,,,,,,,,,,,,,
2,0.9959769248962402,0.0011404120464260556,3,3.6256470966552446e-06,49.999999999999986,,,,,,,,,,,,,,,,,,,,,,,,,
2,0.7387001514434814,0.001150822058433239,4,3.800618855897599e-06,49.999999999999986,,,,,,,,,,,,,,,,,,,,,,,,,
2,1.2880377769470215,0.0012179706857085337,5,3.7263490681592726e-06,49.999999999999986,,,,,,,,,,,,,,,,,,,,,,,,,
2,1.018385887145996,0.0012430251154555256,6,3.7004464232665178e-06,49.999999999999986,,,,,,,,,,,,,,,,,,,,,,,,,
2,0.9793381690979004,0.001106018109657209,7,3.6106900112902336e-06,49.999999999999986,,,,,,,,,,,,,,,,,,,,,,,,,
2,1.2061429023742676,0.001205720394349468,8,3.670482663135245e-06,49.999999999999986,,,,,,,,,,,,,,,,,,,,,,,,,
2,1.1847851276397705,0.0011216150922283839,9,3.6599416126203805e-06,49.999999999999986,,,,,,,,,,,,,,,,,,,,,,,,,
3,1.2474339008331299,0.0005618943421910264,1,3.2949390399271524e-06,49.999999999999986,0.9113156417096373,,,,,,,,,,,,,,,,,,,,,,,,
3,1.243638038635254,0.0004975441968938149,2,3.2423335296571877e-06,49.999999999999986,0.9132167768637782,,,,,,,,,,,,,,,,,,,,,,,,
3,1.2770769596099854,0.00044909306847508294,3,3.2450492745223467e-06,49.999999999999986,0.9076107002644547,,,,,,,,,,,,,,,,,,,,,,,,
3,1.8339879512786865,0.00045369195790450614,4,3.416624269416943e-06,49.999999999999986,0.9083353969158737,,,,,,,,,,,,,,,,,,,,,,,,
3,1.2879328727722168,0.0005509878039756999,5,3.3416908493388706e-06,49.999999999999986,0.9100280280536346,,,,,,,,,,,,,,,,,,,,,,,,
3,1.264064073562622,0.0005659427388915908,6,3.304832625711514e-06,49.999999999999986,0.9091744338624261,,,,,,,,,,,,,,,,,,,,,,,,
3,1.493643045425415,0.0005120804398524923,7,3.2387365845983353e-06,49.999999999999986,0.9138426452304068,,,,,,,,,,,,,,,,,,,,,,,,
3,1.543280839920044,0.0005607059822489389,8,3.2918571055703246e-06,49.999999999999986,0.9111594531601944,,,,,,,,,,,,,,,,,,,,,,,,
3,1.3623931407928467,0.0005216862189480897,9,3.2884963634533883e-06,49.999999999999986,0.9140106915239226,,,,,,,,,,,,,,,,,,,,,,,,
4,2.666562080383301,0.00041702599932087845,1,3.4979209574352654e-06,37.26665356634931,0.9178512560079386,1.7755880501505883,,,,,,,,,,,,,,,,,,,,,,,
4,1.7818989753723145,0.00037822853258249225,2,3.515188160793486e-06,39.328859288439,0.9164612728985184,1.7173668274011034,,,,,,,,,,,,,,,,,,,,,,,
4,1.8738596439361572,0.00025976642494058373,3,3.286617754967413e-06,14.661670941683022,0.9604516916418638,2.5451663640760995,,,,,,,,,,,,,,,,,,,,,,,
4,2.201496124267578,0.00039026262508344296,4,3.540122011290957e-06,42.89353297807898,0.9104805471869191,1.5042481033249349,,,,,,,,,,,,,,,,,,,,,,,
4,2.412130117416382,0.00041947803938482205,5,3.535936591667765e-06,37.87105419677007,0.9162931041444153,1.776956577689301,,,,,,,,,,,,,,,,,,,,,,,
4,2.046274185180664,0.00042508406855177775,6,3.5168209465925143e-06,38.02275395603166,0.9165369056210434,1.774769726201,,,,,,,,,,,,,,,,,,,,,,,
4,2.5909738540649414,0.00039708836447767426,7,3.4820516247289726e-06,37.84140469483425,0.9174011692367756,1.717136831742201,,,,,,,,,,,,,,,,,,,,,,,
4,1.9867641925811768,0.0004139019354461324,8,3.581350090737266e-06,39.471264423283365,0.9166063003531643,1.7710291546652561,,,,,,,,,,,,,,,,,,,,,,,
4,2.8212389945983887,0.0003962165798756371,9,3.5675200293318945e-06,40.08411493963091,0.9166522235443545,1.7245677059326825,,,,,,,,,,,,,,,,,,,,,,,
5,2.853245735168457,0.0003754268581366128,1,3.5343562033285455e-06,38.61183854541142,0.9587956036251241,1.9133729697440285,0.24873568166967128,,,,,,,,,,,,,,,,,,,,,,
5,3.618591070175171,0.0003445662272872767,2,3.5495903306046114e-06,40.627706625562354,0.954503561527976,1.8665265666705717,0.27229036591613703,,,,,,,,,,,,,,,,,,,,,,
5,2.598940849304199,0.00023072801686906604,3,3.3378103358752166e-06,17.02141493604111,0.9983122290654041,2.5507363262726246,0.21130470832817705,,,,,,,,,,,,,,,,,,,,,,
5,4.059185266494751,0.00034491587779195626,4,3.6103250818680917e-06,41.906846271715104,1.0,1.9966301026507995,0.10630524880089404,,,,,,,,,,,,,,,,,,,,,,
5,4.438533067703247,0.0003770990935957301,5,3.5914467967762167e-06,39.73389265041075,0.9583867580303636,1.9301493854210061,0.24435240533998345,,,,,,,,,,,,,,,,,,,,,,
5,4.080819129943848,0.0003544541109131065,6,3.550990922672995e-06,42.7300098619107,0.9945629454145426,1.948602252855392,0.10989195494616824,,,,,,,,,,,,,,,,,,,,,,
5,3.1260879039764404,0.00035752982548696387,7,3.5240241837832173e-06,38.39197128546177,0.9587678461706362,1.8663167081596252,0.2619849741738081,,,,,,,,,,,,,,,,,,,,,,
5,3.725456953048706,0.00037699354835483403,8,3.609435832812891e-06,41.304145352916436,0.9508116041387797,1.8665292952937143,0.3051245970615393,,,,,,,,,,,,,,,,,,,,,,
5,5.162106275558472,0.00031246136882717886,9,3.6024374251138947e-06,19.49335132089685,0.9612024470335809,2.797955105320672,1.9023453316597267,,,,,,,,,,,,,,,,,,,,,,
6,5.487223148345947,0.0003330989527184819,1,3.479978926344842e-06,39.88801427646331,0.8058196564416962,1.7830988363871436,0.43277883069376116,0.0015607489911146797,,,,,,,,,,,,,,,,,,,,,
6,5.229036092758179,0.00031104688109072424,2,3.5114662628134498e-06,40.9141233879966,0.8189903459784164,1.7815532457319063,0.44893082874049217,0.0012504016546110155,,,,,,,,,,,,,,,,,,,,,
6,9.192293167114258,0.00022785647352439805,3,3.3005370494750957e-06,16.481002025285086,0.948885791975818,2.5391078951970423,0.2711144349506866,0.00042945674974526467,,,,,,,,,,,,,,,,,,,,,
6,4.187212944030762,0.0003200462060309175,4,3.5265113935948274e-06,43.343337640454614,0.8003084253484883,1.6212313130536113,0.5232164668099878,0.0014886624789415934,,,,,,,,,,,,,,,,,,,,,
6,5.978845834732056,0.0003400547696954659,5,3.530441978525359e-06,40.947917990310174,0.814661523250872,1.7859356304216236,0.4160732076260087,0.0013846411469933947,,,,,,,,,,,,,,,,,,,,,
6,5.867754936218262,0.0003362607605884707,6,3.497103448975896e-06,41.030308321183135,0.817197429918103,1.795039195766359,0.3477186016610567,0.0014080171615055157,,,,,,,,,,,,,,,,,,,,,
6,7.588212013244629,0.00033004513700224186,7,3.4798746845508242e-06,39.35702190246684,0.8282587886510944,1.781349123373284,0.43187126119955943,0.0011465317346455305,,,,,,,,,,,,,,,,,,,,,
6,6.435441017150879,0.00033932091342633495,8,3.5624764664101056e-06,41.978648359909585,0.81774189595286,1.7819920889726582,0.4260273935484792,0.0013322369470158092,,,,,,,,,,,,,,,,,,,,,
6,5.3320488929748535,0.0003236440487566206,9,3.5494067789740795e-06,42.459599254642306,0.8035656304912825,1.7245517782447528,0.4869321718726489,0.0015325913042965446,,,,,,,,,,,,,,,,,,,,,
7,7.927357912063599,0.0003489942793942123,1,3.378840084106279e-06,16.972473407616985,0.9648704508638454,2.7219461168384376,0.21051156115357378,0.00043081351723765163,9.999999999999998,,,,,,,,,,,,,,,,,,,,
7,9.64198923110962,0.00032954073301873444,2,3.4350083007650217e-06,17.470567212204063,0.9721842544179761,2.7143407803837825,0.21714658271833415,0.00037461849628230395,9.999999999999998,,,,,,,,,,,,,,,,,,,,
7,11.75126600265503,0.00016624876971149728,3,3.402872768759772e-06,30.433128965107194,0.8759641807027514,1.6707949046706339,0.4100754288182721,0.0007382636264419036,0.8375693812846272,,,,,,,,,,,,,,,,,,,,
7,8.473084211349487,0.00033652296439386215,4,3.42938849710471e-06,17.013425727954893,0.9783437033571747,2.7199723358916112,0.1999100060714027,0.00037044874740409196,9.999999999999998,,,,,,,,,,,,,,,,,,,,
7,5.855636119842529,0.0003522545507416795,5,3.434488362969928e-06,17.692217174213752,0.969261910727115,2.7118564844568964,0.20238334669700803,0.000398459777598114,9.999999999999998,,,,,,,,,,,,,,,,,,,,
7,8.221995830535889,0.00033252441484358104,6,3.5432356366564136e-06,44.7746111428122,0.9090476921564701,1.9294540186281917,0.14206679210445083,0.0006625770480426757,9.999999999999998,,,,,,,,,,,,,,,,,,,,
7,9.68838906288147,0.0003245932768818262,7,3.4748089645231395e-06,41.768828139111214,0.8095003824749198,1.7336050385621933,0.5660790910939777,0.0013230394433175975,9.999999999999998,,,,,,,,,,,,,,,,,,,,
7,8.675459146499634,0.0003503247561943955,8,3.4192761063032725e-06,16.972225995433305,0.9825115231487666,2.7308822006027196,0.1978761461232722,0.0003745475239695911,9.999999999999998,,,,,,,,,,,,,,,,,,,,
7,13.41972279548645,0.00024253963593161396,9,3.8217602401013e-06,35.01864536153183,0.9623753119422878,2.753007937355659,0.5184067316653812,0.0004061461018029179,1.1496627670838946,,,,,,,,,,,,,,,,,,,,
8,13.103139877319336,0.0003281783082860925,1,3.490364952732175e-06,42.4146165831468,0.778277851607071,1.7434184049465267,0.6154272738797771,0.001925779156938096,9.865612563214883,61055342.30894783,,,,,,,,,,,,,,,,,,,
8,12.102903127670288,0.00030460268772818767,2,3.4977618543409796e-06,43.16482662984205,0.7981973334183795,1.7326135883117186,0.6125435618366718,0.0014751276244883635,9.999999999999998,64391294.03500322,,,,,,,,,,,,,,,,,,,
8,12.106404066085815,0.00016618205255933743,3,3.3959094680913694e-06,29.786113401513393,0.8789754461148295,1.6725909303009443,0.41219655857152326,0.0007105765993788615,0.8384275292749439,67832539.01683813,,,,,,,,,,,,,,,,,,,
8,7.204455852508545,0.0003127039307071903,4,3.4831262724196957e-06,41.61014099500574,0.817339223164676,1.3040766988062398,0.5236262278058267,0.0012340934036323206,0.6482792930786849,61228197.83414909,,,,,,,,,,,,,,,,,,,
8,9.3835289478302,0.00033410912373323614,5,3.518998160046912e-06,43.13789939042604,0.7827057846432962,1.7447295619479721,0.6175153309680832,0.0018170243225438497,9.999999999999998,61359910.97038172,,,,,,,,,,,,,,,,,,,
8,9.780517816543579,0.00032982091344576264,6,3.5048417044739797e-06,41.144461903759144,0.8001956341800076,1.8726415681266573,0.4010545323284004,0.0016476890604343898,9.002843822475624,60668421.04857701,,,,,,,,,,,,,,,,,,,
8,13.61391806602478,0.0003203027204324159,7,3.467316106715113e-06,41.62205126962768,0.7946433534995201,1.7333759757644827,0.633598330166188,0.0015523445925374497,9.999999999999998,58853087.62401064,,,,,,,,,,,,,,,,,,,
8,7.335501194000244,0.0003315743579628177,8,3.5563620566190057e-06,44.420002490870296,0.7862625893612145,1.742180316737415,0.6267657451648624,0.0017325838197175883,9.999999999999998,61607662.48604861,,,,,,,,,,,,,,,,,,,
8,12.323877096176147,0.00026974820034216944,9,3.5521979128580957e-06,42.019737382704484,0.9297825825937442,1.578075784839311,0.3847197625071419,0.00043040220208065877,0.5255720880448034,67585846.58482684,,,,,,,,,,,,,,,,,,,
9,12.929558038711548,0.0003386844892987622,1,3.4128575556910623e-06,20.706538122671844,0.8264053567519141,1.6754527096380747,0.3743619649600376,0.001311759844718488,0.9296307590650352,62158482.398030266,1.3715320522230916,,,,,,,,,,,,,,,,,,
9,10.63222885131836,0.0003087265757384947,2,3.545250309192273e-06,22.430985295080216,0.9639737088290852,1.9527535557017992,0.13237702067722318,0.00036344093792199113,9.999999999999998,80000000.0,1.3515658790886218,,,,,,,,,,,,,,,,,,
9,14.159252166748047,0.00016654305678154627,3,3.4243750097769563e-06,42.64535408424543,0.8807264346436477,1.672244555591239,0.40040859582565913,0.0007015349406356891,0.8377803527074998,68130765.26165172,1.5809204317816863,,,,,,,,,,,,,,,,,,
9,15.198967695236206,0.0003066107900451674,4,3.229414012252406e-06,4.962696378131511,0.7882318082128955,1.0829813152468155,0.9413238911140511,0.0015267594942010227,0.5638958511465803,58396816.94132112,1.039078790480417,,,,,,,,,,,,,,,,,,
9,11.603344917297363,0.0003331121922801158,5,3.47549955594216e-06,23.415550893446248,0.7795275482400783,1.7463260552068207,0.665575899527934,0.0018532897458497489,9.999999999999998,60271124.94320063,1.3711819002622994,,,,,,,,,,,,,,,,,,
9,13.628659963607788,0.0003386073794209619,6,3.360161508081687e-06,9.995201981091554,0.8451732636025472,1.7475086358862215,0.3039197013431935,0.0010988122756130144,0.973827779667354,61539801.15602696,1.2109411724401835,,,,,,,,,,,,,,,,,,
9,12.231251239776611,0.0003181141439984659,7,3.387284607536451e-06,15.361106009744052,0.794696037963904,1.7413470525145704,0.6305434021595585,0.0015528569664104595,9.999999999999998,58029711.598673806,1.288464937455462,,,,,,,,,,,,,,,,,,
9,10.772511005401611,0.00034615507849739663,8,3.4330549762723172e-06,13.072468722187834,0.8068569703791273,1.6202037315720283,0.5289840398108996,0.0014607463873935014,0.8910943041560231,59548051.22098932,1.2583153911395812,,,,,,,,,,,,,,,,,,
9,13.433266878128052,0.0002690882992467662,9,3.429284319561814e-06,11.941421532909288,0.9299082464391207,1.5851664703754866,0.398873463425301,0.0004228260991099934,0.5265405464279429,67436083.28984079,1.2324552335756442,,,,,,,,,,,,,,,,,,
10,18.629820823669434,0.00024555335457462186,1,3.38938465350182e-06,26.327032705480907,0.7908512681206991,1.908245832975691,0.8287590008219449,0.0017786726095121174,6.304304136681507,61484127.37986571,2.0,785.3364488107436,,,,,,,,,,,,,,,,,
10,18.77599573135376,0.00022131155432865153,2,3.4144121774662606e-06,25.15516746370248,0.8104547384056615,1.898923101811722,0.9070975258102902,0.0013132631610063652,8.232224521825776,63809371.91472944,2.0,774.2762862759661,,,,,,,,,,,,,,,,,
10,13.861957311630249,0.00016208370736532702,3,3.4065123775022624e-06,31.932630689537618,0.8627725824333801,1.4478434646400227,0.4968276270155751,0.0008309970524645587,0.7044318006234758,67459617.46556047,1.772931304416053,907.1117455474446,,,,,,,,,,,,,,,,,
10,22.351997137069702,0.00023602974812495105,4,3.2981086139055617e-06,9.58885324038432,0.7815610960038029,1.818771619969224,0.8651015270446227,0.0018785511851266638,9.961492558654175,60332848.24538488,1.7390424038386245,752.2116473095754,,,,,,,,,,,,,,,,,
10,17.78300380706787,0.00024982041149105704,5,3.431479990178627e-06,24.751536088649317,0.7963378654688531,1.939419356860772,0.8108301702655059,0.0016387113004784101,8.78561965159206,61454482.96175794,2.0,775.8377945996066,,,,,,,,,,,,,,,,,
10,16.414546966552734,0.0002555951212373213,6,3.4394099927766965e-06,39.23077494006464,0.7786490404774279,1.8009401740310875,1.2161262452583843,0.0018507617018611497,5.817369337312963,60658637.72192916,2.0,804.7310284359212,,,,,,,,,,,,,,,,,
10,29.78325319290161,0.00023727419139935163,7,3.3042804472103045e-06,20.08584424259728,0.8064876341149358,1.9626066030732696,0.8509820837152156,0.0014797684567865003,9.60344409399631,55553073.12641229,1.9476133927661936,783.4672345884529,,,,,,,,,,,,,,,,,
10,11.252994060516357,0.00024992751210655643,8,3.4618597875850547e-06,27.0833663864589,0.7963820143804485,1.8908593593479737,0.8750924038906576,0.0016055400593303563,7.2560963544860675,61824193.65767516,2.0,778.9586335568029,,,,,,,,,,,,,,,,,
10,20.41241192817688,0.00023395767820611865,9,3.452674186466402e-06,24.820093844555156,0.7967432597808389,1.8888115190005101,0.8912990391808437,0.0015983306226380204,9.964993377531652,62005597.52895829,2.0,764.5939753962969,,,,,,,,,,,,,,,,,
11,32.18017292022705,0.00014418324109735878,1,3.0452011362961862e-06,3.2941157417572087,0.8108838534249911,1.2138351851938112,3.54288676594543,0.0012718168484334522,0.5834057920651593,66693817.443391204,1.3391726273036635,700.0,0.06255486492086193,,,,,,,,,,,,,,,,
11,33.64946508407593,0.00010700455726865765,2,2.910253637445404e-06,1.519021639758653,0.8623545920612037,1.2772661201419722,3.638447914500359,0.0006714838742921269,0.6014358117612055,69929542.9108045,1.1070110357352911,700.0,0.05449885326491884,,,,,,,,,,,,,,,,
11,25.060163021087646,0.0001377723120130617,3,3.1003136129018017e-06,2.5927094659325673,0.8331068105329429,1.163777542790359,1.1696065864168592,0.001060666040216204,0.5678685329234664,65837636.138159126,1.2367744953679587,700.0,0.10930668730097022,,,,,,,,,,,,,,,,
11,40.564305782318115,0.00012624875363468423,4,3.197417084086614e-06,6.937698648637488,0.8294873815215887,1.2048071941172733,2.484336310194825,0.0010118407258893193,0.5804638708649187,67073844.08186928,1.5813531375700363,700.0,0.0711004526613122,,,,,,,,,,,,,,,,
11,14.12282919883728,0.0001418879345318375,5,3.195708236052795e-06,6.460627139659024,0.835656254959277,1.2664896852026444,2.1277485162200995,0.000979098690641665,0.5995321899715468,68382049.26460508,1.5607721981692915,700.0,0.07111432718189128,,,,,,,,,,,,,,,,
11,37.37851095199585,0.00013601375973344365,6,3.306788375721724e-06,22.051654957093813,0.8145967304841513,1.09749935148844,2.6804810805851496,0.0012096138965199444,0.5437955712343071,68282436.83060557,1.8608307506744983,700.0,0.07046939010127777,,,,,,,,,,,,,,,,
11,46.72691774368286,0.00012813822237573705,7,3.2786081353020645e-06,20.518014732095082,0.8631278362725279,1.31886694746149,1.7591354809006619,0.0007163564328281428,0.6190490203828636,66393648.065433435,1.9326738279664395,700.0,0.07825914616846637,,,,,,,,,,,,,,,,
11,55.01964497566223,0.00014893411410852667,8,2.951926306552103e-06,1.9871360064752317,0.8171558577618507,1.105468048427146,5.606054025057134,0.0010592829149903332,0.5465537515222169,65254280.00674586,1.1594634315865477,700.2593175708922,0.05448018156492314,,,,,,,,,,,,,,,,
11,37.761924743652344,0.00010827844745863436,9,3.171382515277294e-06,6.201965614429566,0.9581992451952819,1.7156609395607179,0.8974329141870139,0.00030447490867542836,0.5511534609991189,75558825.67330308,1.4808973408111012,799.1292967327687,0.07406880530555775,,,,,,,,,,,,,,,,
12,38.612054109573364,0.00014616622139198052,1,3.001495565382471e-06,2.3723691651407877,0.8186594129843535,1.2229270610109912,3.115870564050202,0.0011709318786779922,0.5848821873312585,66286662.76750716,1.3469437603064418,700.0,0.06230934547789571,19818728.418801524,,,,,,,,,,,,,,,
12,75.04173493385315,0.0001067171148188491,2,3.161244431756599e-06,1.1324423490134687,0.9207217789414524,1.6069246019037087,1.6979426686263044,0.00037701939686298803,0.7455847092610758,75450093.31191874,1.0119325096586687,913.6409434572082,0.05038627623210762,29793948.731621817,,,,,,,,,,,,,,,
12,18.70062494277954,0.00013991642225906581,3,3.1396117998592435e-06,2.318146361905472,0.8387322500325576,1.131747687105536,1.1165786532654163,0.0009830763276425629,0.556050419366631,67538374.22224021,1.1381362927758665,753.2232132947896,0.10798769203009187,16465211.184313,,,,,,,,,,,,,,,
12,55.13084411621094,0.00012699294840566559,4,3.1370071087424114e-06,4.942745611729405,0.8390615794227557,1.2370260067798573,2.0933304876556234,0.0009263260493195381,0.5901371492061104,68682261.138561,1.4957126587074376,700.0,0.07109407755915316,15217886.842637816,,,,,,,,,,,,,,,
12,47.655625104904175,0.00014338773152330466,5,3.124681708102303e-06,4.663139955581456,0.8249434889941678,1.1961618332548298,3.325612911961502,0.00105389452584109,0.5764627961144542,66872795.14288534,1.3825893671677767,700.0,0.06368253404409874,12383198.834854387,,,,,,,,,,,,,,,
12,34.74765992164612,0.0001454395426280086,6,3.2206966517518884e-06,3.275467510326098,0.8538676695475278,1.3965464357087745,1.9347412559579913,0.0008255267104040063,0.6471933677240251,71465095.88788015,1.1044664544335472,878.1558029956218,0.05,20778950.653693207,,,,,,,,,,,,,,,
12,29.307818174362183,0.0001277669278714164,7,2.9815692719229334e-06,3.1592686947405504,0.8519366364043419,1.2221164803377418,3.1991008137241708,0.0007679111622273353,0.5835151120294078,64181762.35792173,1.3150436290411434,700.0,0.06222463730292227,13998890.657522064,,,,,,,,,,,,,,,
12,32.50015735626221,0.00017023144157451303,8,3.317107163699111e-06,2.693373589586579,0.896033683922526,1.5729229278610628,1.817374114114404,0.0004937181846739096,0.7298538886635294,73229690.12860253,1.0922926201853784,927.3115086263947,0.05027728442824106,25378814.54148128,,,,,,,,,,,,,,,
12,71.35157012939453,0.0001086372236239159,9,3.2828557345292737e-06,13.53270525943637,0.9533861381921205,1.695069945616039,0.8666283750602274,0.0003236346698528746,0.5524075130475802,75124051.3996585,1.7326984462579325,775.734839942416,0.07659115793743985,14401760.976420663,,,,,,,,,,,,,,,
13,58.433826208114624,0.00013495465583060384,1,3.1309115065448903e-06,6.765730709075469,0.8768306781551034,1.1926310173852643,2.2683687758295235,0.0010671577597560276,0.602412485049761,74054677.87067454,1.4638637364483151,700.0074229845312,0.07342204357627795,10176407.504921861,0.8956521824221346,,,,,,,,,,,,,,
13,79.19989109039307,9.864760339547222e-05,2,3.1598308043528817e-06,4.0592044606173685,0.9123087618247687,1.1996964891816961,2.7052812357307987,0.0005513372404888523,0.5890467732415239,73649134.13500556,1.4747327032486095,700.0,0.06330448022850531,19578241.428029984,0.7816517336559541,,,,,,,,,,,,,,
13,58.288378953933716,0.00011115619351477924,3,3.174490804736185e-06,4.613551432392669,0.9456712746263196,1.1449428293622386,0.5842029705787082,0.0006988757723158165,0.5940975144018169,80000000.0,1.3614732528736482,700.0,0.14148688191112344,12147272.51843035,0.9986640138302808,,,,,,,,,,,,,,
13,78.84008026123047,0.0001186337519312412,4,3.2993167437275566e-06,12.603215983220956,0.8881799561349804,1.2295922895675075,1.6349976913611561,0.000813247353125421,0.6035620360837621,74987548.91606669,1.8366094762836527,700.0,0.07909998964148844,18203965.032181647,0.7887202879953334,,,,,,,,,,,,,,
13,78.81145882606506,0.00013150064974183493,5,3.1809033336191477e-06,6.217543397037858,0.8959852410037088,1.1934878946828695,1.6995222019222138,0.0008897649891533298,0.5949160662942671,78737051.66893882,1.4633417372099922,700.0888529822067,0.07235976235824469,11823574.426519949,0.8826030708606307,,,,,,,,,,,,,,
13,26.531625986099243,0.0001447010579923672,6,3.2669981748858776e-06,5.437328412504713,0.9531175728665708,1.5296323979783923,0.6669488828296186,0.0005349689759655456,0.732147114568283,80000000.0,1.0911709337591133,1001.9994541711793,0.061839004826015655,17966468.74444831,0.8776647996415334,,,,,,,,,,,,,,
13,68.40566611289978,0.00011868494192348332,7,3.1689070885742262e-06,12.899606565252165,0.9025353206516054,1.1560978347764328,2.165353630377833,0.0006982303182079821,0.5797870391841602,76315504.10199165,1.6319810393887741,700.0,0.07338753790729813,9185624.366789728,0.8480624060445201,,,,,,,,,,,,,,
13,77.29413485527039,0.00012845571798297584,8,3.2881609793257512e-06,13.446966510758163,0.8655437080997199,0.7770822110184283,5.8095096722562385,0.0011287812936187887,0.4870008186776779,74074335.19746825,1.4763933187235856,700.7461508190052,0.06282488765068583,7505289.768798898,0.99379126524826,,,,,,,,,,,,,,
13,20.914984941482544,0.00010460241561713507,9,3.1127301313570007e-06,6.018260146064563,0.9997271686207765,1.7129521726623176,0.7366244314200717,0.0002456467965225079,0.5595808466386304,80000000.0,1.440093825956028,770.9027982313489,0.07525668802576288,10634170.445630036,0.662184620616077,,,,,,,,,,,,,,
14,35.50806403160095,0.0001558014348858686,1,3.169246165490817e-06,3.4301997502554573,0.9183218267432898,1.4522380860913486,1.6999433422233823,0.0005962910256409383,0.6933406288739532,80000000.0,1.0,991.3346290299855,0.05026224332572138,18266194.430646926,0.7851791716198282,5.9695216953759e-05,,,,,,,,,,,,,
14,58.627848863601685,9.74334983587421e-05,2,3.1240842381122175e-06,4.623357688033641,0.9512509219760318,1.2503335103912185,2.0180640683725866,0.00046750295242876016,0.619213696793101,77892998.88821405,1.488340044751116,700.0,0.06899925812396655,16996592.444397334,0.9203210787880658,3.551048691737369e-05,,,,,,,,,,,,,
14,39.25904417037964,0.0001103568151092824,3,3.092212403290213e-06,3.0415638959116156,0.9567409952456264,1.1585666568343542,0.5683442073124779,0.0006229052271156026,0.5976994866129051,80000000.0,1.1487939362786606,700.0,0.1425628449753329,8288062.205072633,1.0,1.1635419576659396e-05,,,,,,,,,,,,,
14,62.41262102127075,0.00011586573005395762,4,3.2996315845782524e-06,18.70441607842611,0.9189784261672816,1.2309224709276434,1.3895368223560807,0.0008011290323533183,0.622038957556084,80000000.0,1.8478834038876926,700.0,0.08434454318207057,12640234.796563365,0.9622264841624173,2.2014435765675883e-05,,,,,,,,,,,,,
14,55.88511610031128,0.000130048736784791,5,3.2712012801985044e-06,12.010029778737149,0.8998217483102644,1.1651931776403028,1.7891477182087259,0.0008782503464425787,0.5891306687276178,78812648.99866655,1.6613261247050224,703.0343696542636,0.07511967789888263,12630463.954835098,0.9096220621343798,1.5312658253576082e-05,,,,,,,,,,,,,
14,37.070757150650024,0.00014024146854112792,6,3.3064751689897776e-06,8.21450942223017,0.9126910201458533,1.2486778230668625,1.9829456715569511,0.000695651477881957,0.6116455962219145,80000000.0,1.1489848859012086,872.9279518578879,0.05107685572633054,11793765.352019839,0.8848109619208631,1.0667024219004728e-05,,,,,,,,,,,,,
14,71.14682698249817,0.0001179318275885641,7,3.1048990840784075e-06,9.505581190364138,0.9110957280628611,1.1919115405461669,2.099889997746368,0.000644376721625486,0.5928776953123441,77029158.70601717,1.5448372376645496,700.2579634494302,0.07265735970222817,8876617.15910642,0.8439948237371415,1.9775651765609368e-05,,,,,,,,,,,,,
14,36.47827410697937,0.00012852135798960507,8,3.2468973830460495e-06,6.6499129663479515,0.8449046485794705,0.9186839690512362,4.910349872281735,0.0011894342663920606,0.5097594870759177,71416600.06405461,1.4266403962664342,700.0,0.06285637812154239,13136985.125940073,0.8590256619615066,2.618664197677117e-06,,,,,,,,,,,,,
14,40.847899198532104,0.00010093311420561028,9,3.1991853618141803e-06,8.371902209791443,1.0,1.7657841672387042,0.6371401378940713,0.0002723321303152739,0.5725703613896665,79079661.88721424,1.5174646229409565,789.2848735150245,0.08065243642878052,10178272.404639337,0.7293996680679734,3.559369015904361e-06,,,,,,,,,,,,,
15,49.88044285774231,0.000114764241890381,1,3.2416314974723672e-06,10.653767930851798,0.7565449501811152,1.2402038720997082,2.2692161864863563,0.0036119077144259474,0.6113998234786051,64011052.91058711,1.6885241267896234,704.2849877745216,0.07606737863208808,14842909.472076932,0.6584267831254188,5.998165978935709e-06,2.0,,,,,,,,,,,,
15,35.033331871032715,8.668618418403343e-05,2,3.013684817770091e-06,1.9324273078032963,0.7958992743784157,1.3013489961769695,3.0372439791084296,0.002261773771765121,0.6355330817121033,64451813.82564928,1.3070771092734552,700.0,0.0641733004446939,20375250.405010365,0.6875040822117608,6.500516763480765e-06,2.0,,,,,,,,,,,,
15,28.163538932800293,9.42630671449811e-05,3,3.056837990830957e-06,2.2237246434651095,0.8654236623951839,1.1027514077821592,0.48280209281066866,0.002165698225439536,0.5965423375497372,75072102.56601146,1.0161071878805932,700.0,0.16679039529984713,7397636.143784728,0.9960821348031362,6.3541886126192385e-06,2.0,,,,,,,,,,,,
15,80.45026087760925,0.00010053839039452444,4,3.2248479196189006e-06,9.764905019283916,0.7953590413242135,1.296013986938622,1.6777058549898027,0.0030600767945111796,0.6559337256158814,68748444.04745618,1.7460648083676995,700.0,0.08427744805397236,16310782.360445982,0.8036804240950799,1.3226740719352855e-05,2.0,,,,,,,,,,,,
15,73.19529795646667,0.00011727221085487331,5,3.120002471033113e-06,3.4366534693843875,0.7453930652121804,1.2422130987095765,2.139621067520323,0.003796553233609823,0.6051825786659562,62288565.77426901,1.4089004775133325,700.0,0.07230973157534577,16943453.13572918,0.6109262033768,3.0920891828979082e-06,2.0,,,,,,,,,,,,
15,62.451817989349365,0.00010656785559821738,6,3.299183552773663e-06,11.653910728122826,0.7337267289489336,1.0965860645350392,2.123873025888982,0.004398772219034666,0.5555340317952945,63386572.38516893,1.6787706879007875,700.0,0.0713056456389394,15862644.761439085,0.6381561070381249,1.3922083709730785e-06,2.0,,,,,,,,,,,,
15,44.42632985115051,0.00012165192582460191,7,3.2239958906650107e-06,7.4892573566578795,0.7615512022283613,1.0958887522382574,5.383317319884811,0.0029579721831191957,0.5625002770235707,65475097.638687424,1.206762267756421,830.9649887804384,0.050086257757281066,13205030.461627942,0.6459394463025638,7.173878861149163e-06,2.0,,,,,,,,,,,,
15,59.13256216049194,0.00010644224695552678,8,3.475435933450295e-06,43.824524632564874,0.7522512406392687,0.9359339509171726,5.144861654777511,0.003999752090646627,0.5337522840161073,62340560.841933325,1.891038570117216,700.0,0.07310215969869531,9628379.975655941,0.8215651087556763,1.2040516831262278e-06,2.0,,,,,,,,,,,,
15,48.43935012817383,9.211728267598018e-05,9,3.1077256561859786e-06,4.639398942045866,0.8518390880904789,1.7216787909831297,0.9310084162367546,0.001368606812629636,0.5751888749470621,67175979.00848451,1.408739910346376,758.307648733988,0.07692949972896543,11121227.760850059,0.6329462979091179,2.0299555359105886e-06,2.0,,,,,,,,,,,,
16,99.46182012557983,9.863848841246767e-05,1,3.296448256279698e-06,19.444634954376074,0.8716804042917001,1.311631329842717,0.1456370548131659,0.001573583829276357,0.6486367202059076,72583163.17064969,1.863443632636944,700.0385668355883,0.08465041500551893,12879540.499905864,0.8196649009947898,5.50307359368587e-06,2.0,1.0,,,,,,,,,,,
16,95.63337182998657,7.999836155246302e-05,2,3.144872250097138e-06,7.801162793933584,0.8233724616921115,1.336837995996374,0.2864564196065606,0.0015234456234010931,0.6357659097595907,67631634.72542736,1.5146753998389577,700.0,0.07240422753075301,9412610.388963673,0.574673724557407,7.363645398581691e-06,2.0,1.0001782356589104,,,,,,,,,,,
16,48.31040620803833,8.468198772094803e-05,3,3.1942861746907953e-06,6.20956935157177,0.9091081335042257,1.187980293631847,0.1,0.0013485472476422883,0.6275217222124132,74331633.27571236,1.4217726860987026,700.0,0.14045785677414857,9756004.641230918,0.9654938229774146,4.778354951759795e-06,2.0,1.0,,,,,,,,,,,
16,97.82094120979309,8.491544054118466e-05,4,3.161069095568766e-06,8.20422114979256,0.9107799800631825,1.3405539121882615,0.1325600995511112,0.0013631384083272224,0.6869289467579469,79016044.83737743,1.6153912995162787,700.7559817009621,0.08679260709802389,11865726.652512403,0.9717606471820063,9.16952911269299e-06,2.0,1.0,,,,,,,,,,,
16,96.9866030216217,0.00010309898859089574,5,3.1948930542391904e-06,9.377456337486013,0.8081545507076919,1.4293547011286065,0.18024726972900132,0.0024309888136100737,0.7094243522963146,64161368.95985368,1.7274393222194082,700.1785135692897,0.08699839245063512,14952499.767427186,0.6594437838600514,5.555980967363289e-06,2.0,1.0103539312872387,,,,,,,,,,,
16,95.70711398124695,8.604619613313969e-05,6,3.208971183751753e-06,6.390963802765844,0.8964671341927164,1.2464349226262554,0.12956539450791996,0.0013521945992773312,0.623621393022783,73773778.29648602,1.7004990515320446,711.475574924985,0.0773972073117473,24682846.629030224,0.8889509556604767,6.50514955996196e-06,2.0,1.0,,,,,,,,,,,
16,58.92404818534851,8.932888921254578e-05,7,3.1902932033554385e-06,18.594566740652464,0.8671132594839328,1.3604464934183955,0.1765999940302704,0.0012852213055694385,0.6590906471264907,68185838.25313354,1.755015091085428,700.0,0.08401793108498613,6792601.272965907,0.7062150491172374,7.0114587220053224e-06,2.0,1.0,,,,,,,,,,,
16,65.56841778755188,9.906494463263313e-05,8,3.4755507129952368e-06,49.999999999999986,0.8199806897412677,1.011908250497346,0.2713545430453758,0.002253800897694418,0.541993246492196,69440785.31274784,1.8788666566477885,714.4170250710839,0.07863321949365881,7423625.218740519,0.8401582669699053,2.5585398490081906e-06,2.0,1.0,,,,,,,,,,,
16,43.97905993461609,8.911525847263493e-05,9,3.275347823286409e-06,5.4170667095355896,0.9272441455589273,1.684173949001209,0.1,0.0005983657363353175,0.5347567982097106,70242193.13712302,1.0134848065904485,1100.0,0.07787166207197199,11882615.006677035,0.5626684753974059,1.6660200886098472e-06,2.0,1.0058339880618097,,,,,,,,,,,
17,31.33715581893921,9.267430228990815e-05,1,3.3096084210245847e-06,29.34794300069296,0.8933009726870197,1.2796535529323,0.13338829112469452,0.0012112561094530499,9.630302645330435,73733502.6439353,1.8339276058561098,700.0,0.08423391202146031,5665793.938790749,0.7969695768695131,5.612184233733062e-06,2.0,1.0,0.07246169123042387,,,,,,,,,,
17,96.43261480331421,7.761962537642856e-05,2,2.832398257072056e-06,1.0365475829933302,0.8844767033249116,1.4966517409082094,0.2175360095921709,0.0011403836047782696,0.8837767043566455,71733926.82812992,1.1557049269492596,700.2027550111716,0.06539017209019349,19916577.14748314,0.7675035436341666,7.426243241739325e-06,1.990896365876146,1.0005963512727856,0.20022678246624315,,,,,,,,,,
17,43.46257305145264,8.684190843654774e-05,3,3.1866517968415895e-06,8.10834279957294,0.9391317677560753,1.2779550879114345,0.10211907640581455,0.0010566258557110557,0.6871938008940192,78351722.89622921,1.5465679560652137,739.7340863185829,0.14358768658948376,12640248.113146015,1.0,1.3095069923345294e-05,2.0,1.0,0.2676256946356357,,,,,,,,,,
17,90.23221802711487,0.00010393829515859993,4,3.046550993908104e-06,3.664302601443156,0.7502791176689354,1.2542619498406768,3.891366235143844,0.0036367651566263843,0.718723807127366,62806762.16689147,1.3737683196514348,702.7771575421327,0.07397133710100702,13280677.609273557,0.626286620641776,5.869326213559916e-06,1.9890557467740224,1.640109863246951,0.20276582301621537,,,,,,,,,,
17,42.756834745407104,9.73343742786243e-05,5,3.2146406168153976e-06,9.585742364051399,0.8266006336344697,1.056426202951949,0.3609721014655838,0.002545651500022352,9.325804871934562,69853513.39322293,1.552297346297659,704.3282703980998,0.07529254172109215,11124804.566811688,0.8770044994557388,6.767651758564422e-06,1.990946687961258,1.0900123964626067,0.06571012639210762,,,,,,,,,,
17,36.44298696517944,7.945504727579899e-05,6,3.2856214797841103e-06,13.23016660771382,0.8870501062950936,1.178906929997922,0.1372180376090621,0.0013019124496387558,5.010113913599026,72137157.2198534,1.8520268913340774,717.0744068417024,0.07871149043516182,22891650.534397528,0.8123079530096271,6.529201765038105e-06,2.0,1.0,0.07204320889990462,,,,,,,,,,
17,55.9604868888855,8.965702905704004e-05,7,3.045801248962956e-06,7.6639042146034235,0.9027821828815171,1.3382360582239667,0.1669925220237257,0.001054754558112769,0.662430232699584,73050022.06629707,1.479633040902622,705.4576667866875,0.07922939693078737,7311857.827312313,0.8231359206141445,1.0148619708812361e-05,2.0,1.0,0.29413516637322323,,,,,,,,,,
17,49.69278907775879,9.182297661877618e-05,8,3.3601737174933864e-06,14.850588967823548,0.8053830400026039,1.0090553300277958,0.34507663658881405,0.002451102950296992,9.999999999999998,65824885.92446714,1.648790244058638,700.1286971028348,0.07292535682482403,11408634.12897788,0.8082818527875586,1.8892668734124338e-06,2.0,1.0,0.0637864020236101,,,,,,,,,,
17,91.66529488563538,9.061393451635668e-05,9,3.295498512098646e-06,9.659396493133599,0.9134965295717106,1.6902896216709022,0.21164791922200774,0.0006308807595773013,1.48063631421308,68567013.63698603,1.1379256854360258,1100.0,0.07826596285786325,11152830.401532415,0.5065646783649003,2.79684043816385e-06,2.0,1.2640552176443327,0.0844567365226763,,,,,,,,,,
18,110.79579305648804,9.252085011823731e-05,1,3.2520141266652522e-06,10.325633138249318,0.825348275154148,1.2864481650326687,0.19796486662294183,0.0025584272116662946,9.731638737880534,67785379.14553645,1.6289657313729449,742.8920294535415,0.07834373048316841,12240667.614122484,0.7890373893899034,5.876774107750495e-06,2.0,1.0,0.07378257621405246,9.528349574168452e-06,,,,,,,,,
18,109.11797308921814,7.08706886200262e-05,2,3.132558805024058e-06,1.2724859385633511,0.9554527316780497,1.8837562809944275,0.10098431545345495,0.0006595751655565862,1.0163711364272512,79966259.6763634,1.0,1100.0,0.05954780396470112,27307417.799835958,0.7301919105883884,9.910973561964939e-06,1.921276350971361,1.0,0.29217305689343576,8.314477068302713e-06,,,,,,,,,
18,103.53311204910278,8.188612405084332e-05,3,3.236212913906284e-06,6.696937034643726,0.8042304733738075,1.2119140735900396,0.2054514439664418,0.0029183811201215675,2.7009627991675056,62869247.22577967,1.6466614746029196,704.3107794004432,0.11436015434461377,13667160.117348865,0.7038112623648775,6.782359209722206e-06,1.9033302337757412,1.0406600765167568,0.0824656261128958,8.177504013692743e-06,,,,,,,,,
18,48.3573100566864,8.823512578481656e-05,4,3.122544430660733e-06,4.195024470057867,0.8053251699225802,1.272523242252033,0.531887635254678,0.0028778391469313886,8.78386576102213,70366858.19600488,1.5188051229893578,719.9928992679141,0.07296402696288373,13889645.318440689,0.7657316875162692,8.84360332068853e-06,1.570522476984536,1.194638246788279,0.07374103514476589,8.12730599698458e-06,,,,,,,,,
18,109.10120606422424,0.00010276537565867489,5,3.241183722576773e-06,4.813886937094901,0.7671685599303599,1.2549278570873894,0.660467611167579,0.003983372978334338,9.999999999999998,62989700.362193644,1.3641273903391924,779.6467540833237,0.07406169010957978,11435111.942249544,0.7089254328096443,3.2157441606096033e-06,1.8828792033455846,1.2517863178445479,0.07146619006296226,8.000001386455039e-06,,,,,,,,,
18,75.13748788833618,7.828844003011038e-05,6,3.1763072136318775e-06,4.876744662450005,0.8391737332812454,1.3372387601731328,0.12070817068318954,0.00253929602498298,9.999999999999998,67165892.16758984,1.444216940069959,743.9051737636382,0.07579082675395722,11118805.854320427,0.7969378304403866,2.5298901514857027e-06,1.9937366417373255,1.0,0.07469812830143287,8e-06,,,,,,,,,
18,69.00262808799744,9.037556967735264e-05,7,3.0938192473561384e-06,6.1977556656529105,0.922036027654214,1.3709915290389498,0.14544517627417936,0.001032100851089705,0.6130630817250821,75732214.64758258,1.5034773063051046,734.4019454767011,0.07783569764181261,11740651.93614019,0.8952113425216962,9.491383823433434e-06,1.9425923951482393,1.0,0.4554564635808659,1.0110601904345572e-05,,,,,,,,,
18,113.98998022079468,8.96739604656871e-05,8,3.4724380415131853e-06,49.55164609780406,0.815508570551484,1.062349388099678,0.2580698413255824,0.002541703035419873,9.999093596948775,66628286.23343342,1.9659291170949738,727.3284039404367,0.07709792804536787,9930196.26552032,0.8165999117812672,4.1710608613897105e-06,2.0,1.0,0.06591743568435778,1.0069463431405159e-05,,,,,,,,,
18,96.63268876075745,7.469178105279387e-05,9,3.3219921261622434e-06,16.047002426445648,0.965871739725978,1.6078794579475153,0.11939612092565446,0.00048735489191897,9.990474071950855,71316826.10560061,1.719696860031644,770.8312594936573,0.0818338473465168,12055428.300198268,0.7289161416449523,2.382401870814527e-06,1.9633553915015636,1.0,0.06633326337796729,1.26392552362992e-05,,,,,,,,,
19,116.33939981460571,0.00010124161562942811,1,3.085415505074527e-06,2.97495556440448,0.7858622081196094,1.4564890538259025,0.1990266253048791,0.0037746997153115885,0.6521828176113212,64704201.47786078,1.3446134378344066,760.9561972761526,0.07549274342749114,12754263.687633779,0.7063179890705609,5.0785618256809915e-06,2.0,1.0,0.4331716829484962,8.009488523356302e-06,0.000398939482788638,,,,,,,,
19,98.09740900993347,9.845122473087305e-05,2,3.4189163208194962e-06,10.247061342980382,0.766317395652933,1.1948322144104189,9.016958454792004,0.0029258919133059954,0.5729244030284354,63725690.7926674,1.5228435998486696,858.8552560371872,0.06201630399209014,27784613.774917867,0.6407706805946866,6.5924417943289905e-06,1.9442512344745269,1.6645233229222511,0.34384757331740107,9.66613251958299e-06,0.0009627450016237068,,,,,,,,
19,124.46613907814026,7.80105353853607e-05,3,3.0624677157517652e-06,1.7632823551776964,0.8606090423015751,1.1746676143235082,0.1,0.0025753528235318234,0.6277241037792614,68803414.96346182,1.0493172625950844,700.0,0.24288561570799075,5000000.0,0.9421798963230299,2.649659319391014e-06,1.9987809384318087,1.0537952644244462,0.3150425578586549,8e-06,0.0005511064505450474,,,,,,,,
19,122.23670101165771,7.964499100699524e-05,4,3.199724458663229e-06,7.039996223802898,0.8562222663800225,1.3566809610162431,0.15107598137679237,0.0018617668306851439,9.26562100828111,70366532.94191709,1.5758518196897089,724.3487742017204,0.07179894813457798,10694312.741750265,0.7714475235618066,4.635919532831583e-06,1.9924789279438493,1.0,0.07618807748690273,9.218084739294924e-06,0.0002346453568834972,,,,,,,,
19,102.1358289718628,9.10131984587889e-05,5,3.249326634813582e-06,7.755587782323514,0.8004913785446393,1.3353058302893752,0.20410655650862083,0.003116519447541592,9.999999999999998,65484910.25635006,1.5977518838996234,729.2888342981144,0.07526568339453023,10148876.945356306,0.7054203185679018,4.573123924627368e-06,1.9987889960241918,1.0,0.07488076555129228,8.044410646150896e-06,0.00044151099515765067,,,,,,,,
19,91.54956603050232,7.691210668585404e-05,6,3.2197382019310627e-06,6.155007832222172,0.8242613913823955,1.2994990871082135,0.14219263512999492,0.002752946818764769,9.999999999999998,67166559.54411443,1.598191208086651,741.5681548809107,0.07992265314481055,15922150.335834002,0.7574748273883396,3.479152404826445e-06,2.0,1.0,0.07308838107971365,8e-06,0.0005846999827990369,,,,,,,,
19,79.64781498908997,8.993469291440025e-05,7,3.057348147798153e-06,4.5969118632848645,0.7934645127749174,1.3965234494621237,0.2205848761463418,0.0029680053276849045,0.6290847627143006,64014119.48663503,1.4546669127286822,724.8782781347566,0.09471281976170344,8843908.55571678,0.6548885357650155,3.731850604553266e-06,2.0,1.0,0.39659354327201896,8.004101415680876e-06,0.0009152545052066194,,,,,,,,
19,119.17704319953918,9.282620107326846e-05,8,3.3257068622330957e-06,7.322791341720789,0.7606320512084344,1.2120145119175203,0.2529632188887256,0.004158809555812401,9.979675071429167,61927882.980690286,1.4826485621909957,750.6281615998415,0.061858789666088834,9872699.059947569,0.6812826626276651,1.724512700602226e-06,2.0,1.0,0.06970137337672717,8.000009920362901e-06,6.014125725683579e-05,,,,,,,,
19,115.07456922531128,8.429382082761748e-05,9,3.059083518153432e-06,2.847562778483312,0.9181307930304357,1.7065161620441769,0.14857441523671425,0.0009434962044359654,0.7415605599009301,70684999.7455382,1.2380594300024574,803.353978382457,0.0811011983096601,10493335.318818022,0.7786658586477926,2.1024689936999684e-06,1.8553418100860861,1.0016086325507156,0.1749017625878473,9.816276383717137e-06,0.0005530407684798883,,,,,,,,
20,120.85138893127441,9.782722689049317e-05,1,3.259821188769674e-06,7.958336544484678,0.76685429493959,1.4446245526505332,0.22859851556330782,0.00420206520432613,0.8321781732642588,62234586.39674855,1.8142112402184971,734.5637908182491,0.08651864748595625,19862635.52857311,0.6489285047509132,5.7918505314586215e-06,2.0,1.0,0.19464764502985316,8.000657792990582e-06,0.0007985993631960364,0.00013797564397402223,,,,,,,
20,109.19310688972473,7.608674921169381e-05,2,3.2739680278778222e-06,17.17067351103152,0.8262910616746255,1.3834004628197714,0.2557984098079467,0.0017121672699040816,4.052270292284601,69374530.04865327,1.828109379827795,707.9822161265465,0.07473528664604735,10425249.32703273,0.6037597133474352,9.52602542821918e-06,1.8557497412156851,1.0266149603443002,0.0910147079626612,9.766958505383575e-06,0.00020952635771036686,0.00016696072084423742,,,,,,,
20,66.8399670124054,8.033967217574798e-05,3,3.2459538472311315e-06,12.223150075839408,0.8787911276427676,1.3864224300144377,0.1011017078079472,0.0022859935722126697,0.7507723715706129,71835567.60189976,1.746713674952925,756.2140140275208,0.4494594218747854,8882981.26473814,0.9873909085894268,5.284289822121474e-06,1.9601666754708214,1.0075103342564766,0.33002544415934537,8e-06,0.000989071025730468,0.00016961573649832508,,,,,,,
20,126.56075811386108,7.92618311182849e-05,4,3.2285746011694366e-06,8.689202908084654,0.8141460896134696,1.3280904098880566,0.20963989726752802,0.0025766257886448455,9.383122867404062,66004557.4111205,1.6904903444033514,719.6122376304496,0.08887040672319832,13344111.40604341,0.7156444328359811,6.670766173025251e-06,2.0,1.0,0.08248780563969269,9.270056222883954e-06,0.0005017250170827633,0.0001640444149062576,,,,,,,
20,103.91804075241089,9.043402412594386e-05,5,3.25010215729242e-06,8.436391756625467,0.8136891873835306,1.3880461330580804,0.18678126148362012,0.002700826329773515,9.51754670438669,65821608.35380767,1.6499502923670855,729.5986370134335,0.1170509941344875,11432841.454462152,0.6987434980119063,5.46396519400111e-06,2.0,1.0,0.10219473834205174,8.339878888512289e-06,0.0006963342153540333,0.0001985333729987201,,,,,,,
20,110.36927795410156,7.637515356587647e-05,6,3.266313158533248e-06,10.915418851078783,0.8560597787821981,1.2984259916648198,0.12675893939225544,0.0023528131459365775,8.326167033324518,70176896.59516892,1.807215117655777,731.8833802045143,0.05566557558574316,16952076.63125979,0.8541717366711494,4.496659875786017e-06,2.0,1.0,0.0547547848274225,8e-06,0.00043801785287062646,0.00010959592702765764,,,,,,,
20,77.27159333229065,0.00012008789087230772,7,3.339892140165001e-06,12.031466043155486,0.7467435845808199,1.1709123893894808,2.1595738169576015,0.003926116655667544,0.6397947964385351,66336793.36782394,1.4002816466431587,861.0893569101107,0.06848816611291313,15366886.525304057,0.6320576196770591,9.662003375007803e-06,1.9733833280039283,1.3395621718851916,0.30148822392955277,8.354268380531955e-06,0.00044407885448414966,0.00019754773582653974,,,,,,,
20,119.52694606781006,9.839221248671648e-05,8,3.4209771166792378e-06,40.51921896212292,0.7597361074481725,0.804673928814492,7.748588183976861,0.0038425118992775923,5.081403884988628,61312138.940758854,1.791787010860092,700.1852917388532,0.08639148102046822,5002379.914303744,0.8531108993370531,2.0381081694257818e-06,1.7883540185081794,1.5694911496652821,0.0728969318525445,1.0631629929706449e-05,0.0005933871627007747,0.00017631533305671398,,,,,,,
20,69.28278708457947,7.440357246272563e-05,9,3.255786057519403e-06,12.843328525788014,1.0,1.6093642638631733,0.10255449371335489,0.0003912668252514614,3.295651107181658,75667063.25379214,1.5851819495626145,774.2497736337074,0.10898486377278127,10331543.742776446,0.8053795795122616,2.8884325221629147e-06,2.0,1.0,0.07447506204375998,1.4134797307775616e-05,0.0008078974924470263,0.00015137812984281375,,,,,,,
21,141.5092432498932,9.267287983291548e-05,1,3.247265469627612e-06,15.510762376866175,0.8345829496955856,1.3354092490078004,0.18941204174801746,0.0023784608342988247,7.290020050330979,68495132.4034042,1.7998997240764438,720.9846277382198,0.08255166569639123,10780099.53350291,0.777218127973623,9.425151821370573e-06,2.0,1.0,0.08977016584028571,9.116737266980741e-06,0.0002413679388435853,0.00017351474308522702,2.233326355058082e-12,,,,,,
21,99.04837799072266,8.678296371581589e-05,2,3.218119985198629e-06,11.190547265131588,0.7537050984561573,1.2343218886520344,20.12970128273873,0.004151787986620709,1.2979104118020677,63352008.13560974,1.7667647200625147,700.0,0.1082893630482857,13104185.369434204,0.7227011900622035,1.1573157601298478e-05,1.9920387418389351,1.960105317580831,0.12555863309274712,9.033548281102714e-06,0.0009918065884759926,0.00017169164976927538,3.261935066807272e-12,,,,,,
21,111.87839794158936,5.98962474468278e-05,3,3.1567120174508143e-06,1.0242099008697594,0.7424802007646836,1.5351797326139507,1.6402121464325026,0.0039693492804676565,9.2311114525814,52639240.71045106,1.001658380202837,1065.7881432925292,0.05457405429950618,30000000.0,0.5613421433940827,1e-06,2.0,1.2083516552023832,0.08600868477064075,8e-06,0.0004346012298672496,0.00015370390652033123,3.576143289224051e-13,,,,,,
21,132.7395236492157,5.786161151984894e-05,4,3.1059942333315094e-06,2.2328867881373933,0.8303517783579961,1.4725386657214763,0.26707120772792886,0.0019757241516818722,8.445594296139166,61262460.40492982,1.4098016136560811,700.0053408211407,0.10225317147100921,16893558.672639735,0.7123658128867167,2.479732424219694e-06,1.8486606855728414,1.0,0.1099122526705178,9.128432837394759e-06,0.0006207826774239863,0.00019847271785678112,3.973852864282255e-13,,,,,,
21,119.00789976119995,6.977993461975413e-05,5,3.2088771888473977e-06,2.4740145190066802,0.7849212514493773,1.4639343793845376,0.35685262686333163,0.0028723979734812336,1.6417240240779691,57012250.857518606,1.5101614001019121,700.0,0.09552721969603084,21036760.74616749,0.6321270419166856,1.7876580452187283e-06,1.999745598295601,1.0,0.13612803541998703,8.774620770720366e-06,0.0008104951039568012,0.00017885010283677673,3.265825241593477e-13,,,,,,
21,135.79856824874878,5.7493493404627526e-05,6,3.031459749522922e-06,0.8872790024789344,0.7670415267715927,1.314496287657268,0.39109529739021576,0.0034496076670580047,8.131325551605126,55632383.08823842,1.2649428020151632,700.0,0.061809474607199814,25367155.825320825,0.6302588427912849,1.1851573148902952e-06,1.8850724994805788,1.0,0.09145147472266049,8e-06,0.00013354770939332783,0.00018182813841678116,3.97106536511336e-13,,,,,,
21,107.21383619308472,7.524978150980622e-05,7,3.2354849458420267e-06,16.489520635390573,0.8254768813104025,1.3297749191054407,2.0576106350637953,0.0018788940368121745,9.260000415982503,61448338.507741556,1.6973361508121219,730.0166587288477,0.08306422906838411,8544857.561452998,0.7042869158602258,3.900158155253306e-05,2.0,1.5090316340773626,0.08090478068457282,1.0638065922876337e-05,0.00040565024219998806,0.00016073825851514023,3.818085364458084e-13,,,,,,
21,124.36509203910828,7.159463165886727e-05,8,3.393019498862469e-06,7.089152292646732,0.8159481658855965,1.274045301082164,0.3681802277418974,0.00226612239621374,0.9705324837729478,59822661.64136058,1.685277493230191,718.5085837106672,0.1184445197705379,19041075.21502041,0.7790360435968637,2.3694075610860386e-06,1.706529016261314,1.0,0.1910710621685548,8.540141977774899e-06,0.000982468009112608,0.0001929863159905614,2.9178322499029526e-13,,,,,,
21,98.15032076835632,7.90227080710168e-05,9,3.102873560488811e-06,2.1590667592573056,0.8758536554014381,1.7065432863664896,3.153291359614011,0.0010584164421926381,0.6993965885152656,63435457.181973875,1.3133524406254997,742.559959487365,0.07709497505504058,17575919.803956278,0.758376653462955,3.2975066362590965e-06,1.6112884997818568,1.5470351929701063,0.25593084336000055,1.106167897372761e-05,0.0007428668249404343,0.0001532209590263551,2.820358922596381e-13,,,,,,
22,89.58307003974915,0.00011206969294184202,1,3.12136922679e-06,3.3452045947291893,0.8760680583324696,1.652891361569998,0.2230387355133776,0.0012583262989085177,1.1519186729394721,77979640.9456606,1.0777597913129913,1053.45208236158,0.055075684170204836,18261430.34407661,0.812843333922221,0.00010000000000000003,1.683708591667174,1.0130961028346464,0.1559056851184853,8e-06,0.0007742495338172642,0.00013189776749404815,7.325205823327654e-12,0.004537876981029814,,,,,
22,130.91198205947876,7.265898665643396e-05,2,3.0737653965741955e-06,1.911998373661762,0.9432311487821039,1.5334661694424576,0.24511701076688375,0.0004959219893786469,0.8242829509427279,77565788.91673957,1.5550227114578048,700.0,0.09286037740363391,25348936.29633147,0.8509750536367715,1.1984747972691695e-05,1.6226479492212262,1.0,0.30365308344928005,8.632202262493451e-06,0.0006970805043515205,0.00019185165963626062,8.204184101386762e-12,0.004717721052798204,,,,,
22,97.93472123146057,7.74158880569538e-05,3,3.2781177169225903e-06,19.68650412662778,0.854565556144669,1.3090748086895079,0.13514612841759785,0.002330217317305179,0.9284207769305769,66165395.578987345,1.8848495990485334,700.0,0.4159513115641942,5232102.15420121,0.9301820243516947,5.171588220090067e-06,2.0,1.0,0.2051894857528354,8e-06,0.000937429519238765,0.00018262181652268936,5.617231472868626e-12,0.003416767334562443,,,,,
22,139.9360888004303,5.875263557073616e-05,4,3.114564691273965e-06,1.7358378562447823,0.802878169120451,1.3552981179141252,0.49453191951006165,0.0021158225137040574,2.3778967149051575,60190998.45650821,1.435580644527035,700.0,0.10411944765594633,23221756.8385329,0.7276430798340766,3.722578148561329e-06,1.9314844098006847,1.0115464634237874,0.11682628571260131,9.190518061407121e-06,0.0009484148456583895,0.00018530103173369447,3.4867923774802615e-13,0.0037272501441149093,,,,,
22,130.75965213775635,9.129835402915469e-05,5,3.256899363299169e-06,13.889199598773851,0.8675020614707023,1.3042260590791437,0.20881986506321418,0.0016766140476819848,0.6678476121861415,72431372.34007616,1.7239898153084603,716.6942929259335,0.08613581286211865,8946992.144593136,0.8918411778383689,9.176912153528404e-06,1.8560196086333693,1.0,0.27713717517097924,9.15953186505107e-06,0.000725011619262702,0.00014286566822790695,4.769880543623737e-12,0.0034535900339230582,,,,,
22,131.11996006965637,5.400356636088722e-05,6,3.4287194091708367e-06,13.911978582969496,0.8945213453691082,1.588778320501949,0.2092830729211891,0.0008768727225345311,9.619655962436088,67770121.29188523,1.3867330912903175,937.9596365582181,0.08123009656197311,16900168.552692562,0.7194833860364838,4.250364980772815e-06,1.6610197886077542,1.0,0.11275286171520515,8.427495276000565e-06,0.0008276952055034759,0.00019726079140762036,3.600595507276413e-13,0.003774176270568243,,,,,
22,111.09718918800354,8.178989961089387e-05,7,3.2607567430546663e-06,2.3669615879117076,0.9094098581004446,1.6080374493142888,1.9755961004874483,0.00047654483828726856,0.9802807358537093,68715954.39583182,1.0659270099958165,927.8117628394289,0.07123263753763222,23229954.031891122,0.7439847929362774,6.479413142270771e-06,1.6343782384039929,1.4176748869874858,0.21343839855706154,1.1056932440576542e-05,0.0009551576517300171,0.00017292808304990694,2.4915558675128174e-13,0.004678162696822042,,,,,
22,132.26600766181946,9.484854187688543e-05,8,3.342990228904342e-06,25.27633431935815,0.8856075047895269,1.156322000663593,0.3737969026665096,0.0009322777371897282,0.8531944526652373,74120134.91081807,1.9313136133174735,728.4186696556013,0.08718482400248212,11775786.695353111,0.9801610981950423,9.352891306257226e-06,1.2910969139549962,1.0,0.1519341411495267,8e-06,0.0006656965060076231,0.0001575201419959586,6.5803312824648264e-12,0.004821182612468009,,,,,
22,149.90478420257568,6.691154040179274e-05,9,3.1048960905589305e-06,1.8233438693407895,0.8037446199716192,1.6000983745666493,0.7279876840378443,0.0016246125842401715,9.516982100295245,56119068.71203046,1.36458777525504,700.0030383627437,0.08644940678331531,18101434.85198822,0.7063519831292226,1e-06,1.9983963065250454,1.0,0.10325205135703708,9.509299044038349e-06,0.0005442418937420859,0.00019533549605496955,4.455149011739997e-13,0.004516803809086488,,,,,
23,139.78903675079346,8.508229073503333e-05,1,3.318300363621036e-06,43.272527199285626,0.8243735969459249,1.2824170696676513,0.10046504679086987,0.0019567857137605237,0.5590631961159359,62246471.91340658,1.9815524198205834,722.8222329088459,0.07636155633890628,5776029.990272732,0.7374936834157908,1.0791949896400257e-05,1.9626088606915455,1.0,0.4363173272927091,9.138550505979115e-06,0.0007951591307589257,0.00011982826583761007,8.980468600585022e-12,0.003653373018448429,30000000.0,,,,
23,134.05223298072815,7.301678392529971e-05,2,3.074394530830581e-06,2.999200381506011,0.8615998119802072,1.4714547858010272,0.22928608229689443,0.0008688890631734443,0.8461954755361467,68904986.5893166,1.5153705451275867,704.6556234962571,0.0775407784107217,17083905.68434228,0.6265881008972971,1.2032987862753585e-05,1.4636382463046478,1.0,0.20496560166286282,8.17055940182869e-06,0.000798271885818035,0.0001594033804533107,9.276203879557167e-12,0.004137313148890678,21179114.705139715,,,,
23,142.0863218307495,6.475268686831764e-05,3,3.1015796851907484e-06,1.701506884798635,0.8341169161751585,1.4003951853639487,0.10088865853118763,0.0015027892941852927,1.244418271253219,59552719.26889691,1.1194213026951298,796.8662745149428,0.12938251202182513,12868852.359185414,0.6762206237356593,3.9190767600907976e-06,1.999172769167964,1.0,0.11713051671765702,8.004520123340033e-06,0.0008189518052326253,0.0001425975355889282,3.289923012183232e-13,0.004255580094331012,24201475.592270397,,,,
23,135.18720197677612,6.75930614983499e-05,4,3.3366046446815742e-06,12.433430821576188,0.766445048394341,1.2453019529861056,16.558637480594758,0.0032012877710115586,1.791037209071068,57049382.8567705,1.7296173280443852,700.179188513619,0.0991062941355516,9162188.214456342,0.7151573108216492,3.6873829416781413e-06,1.6884822613463701,1.8588604247498908,0.10482999526391196,8.313107648275713e-06,0.0009771069028870042,0.0001590090329350573,3.2860558760652775e-13,0.0032786979669024493,14209894.705394736,,,,
23,76.66820096969604,9.078635094612694e-05,5,3.4691070127011662e-06,22.19526548765387,0.7909215841209357,1.0752526264804758,5.095228107811352,0.0017479278973521282,0.621154401891591,61903928.32551641,1.3645017977833456,835.3460705610663,0.06992636478353075,8496919.900105622,0.7304550800466745,1.4364774804364703e-06,1.8700559100493648,1.5601126932865004,0.2688238014127133,1.0474380950934989e-05,0.0008853329346417745,0.00017707874467644182,2.341041535998596e-13,0.00428275078550291,22744743.33718272,,,,
23,139.38054394721985,6.651251295525933e-05,6,3.0926185480615147e-06,1.6287542189496358,0.8142550406668765,1.3990042598915806,0.8152461162996328,0.0017461232073214135,0.9523012626812885,64636140.21236093,1.422719557954528,700.6209552866673,0.07551216924656932,23080584.422262926,0.7846469549554638,5.876429992122201e-06,1.9585153443533487,1.235926202454402,0.17466723344403848,8.212344263863433e-06,0.000748916376013762,0.00016363865855885165,2.600437890749453e-13,0.00456207454420973,19883970.147607334,,,,
23,145.98590803146362,7.865851294430574e-05,7,3.164084066220971e-06,14.885797079749887,0.8391979111836174,1.3218164778472663,0.11393113715626627,0.0018247273215805837,0.6014351934808536,59531374.46642092,1.745769877439334,722.7631170157157,0.0965073189343303,7562279.084910786,0.7497305485207769,7.820190457241827e-06,1.9072363017534548,1.0,0.4628714457017144,8.509800760391329e-06,0.000746375419207439,0.00016404942263057576,8.650884195420336e-12,0.003343162707321006,26911249.229763895,,,,
23,146.56642413139343,6.804003544700173e-05,8,3.31477307743505e-06,4.503462179937967,0.7522800675880985,1.2229263903159924,3.2448636818405854,0.003186220638330863,6.8590267162999625,52976023.10481708,1.5776126352272208,700.0,0.1095530319909399,19283219.970347412,0.7067998279630174,1e-06,1.9385693177802563,1.3982277893994994,0.0981563874298206,8.97583479467538e-06,0.0009831016707051187,0.00019815206791367763,4.184242612076461e-13,0.0036425794236752164,18736338.602060534,,,,
23,141.1272361278534,6.604016979712835e-05,9,3.3509792438599654e-06,10.370742102327142,0.9726392961472934,1.5977237546544574,0.1,0.0002761572485554589,1.3818247225435338,65288635.55453309,1.7146061535147306,764.2011943219733,0.08117998641316443,16880236.641195297,0.782872188741857,2.520355715384192e-06,1.6561141887297393,1.0,0.09446203013402889,1.1076403783102308e-05,0.0006783195200430662,0.000144307803451381,4.963848810985822e-13,0.004989628203112626,27705424.891180057,,,,
24,145.13642406463623,8.84702508722554e-05,1,3.187378198893746e-06,12.625584239551586,0.9441222533788611,1.307443421276221,0.10032943094510927,0.0006330367103338321,0.9553050451448643,69731306.68170238,1.494201126417131,798.8967116255106,0.09337810540109422,12593242.82211227,0.877934999226489,9.960286108037384e-06,1.792553490991933,1.0,0.19324800814653115,1.2701883450595774e-05,0.0007665665680138751,0.00019609636083460255,6.355696121778758e-12,0.003317242440765344,29327611.63592315,9.842535799223708e-10,,,
24,84.2762839794159,6.413159965157918e-05,2,3.315662838672127e-06,20.75804923933914,0.999557078269624,1.350080964526601,0.6085695663527493,0.00019664979095150928,0.6898645300825068,66655359.297237925,1.7745634422255965,758.4408027229551,0.0642924791128922,16951018.98972492,0.8921604858626928,6.900110527740751e-06,1.6756792552877253,1.0,0.3173262715404637,1.3218547795978505e-05,0.0002755964880399097,0.00017492805032308346,1.2480652068709153e-13,0.00499308892722615,13201988.671586499,7.87768508305697e-10,,,
24,143.65484809875488,6.910421427651963e-05,3,3.2285213786068838e-06,8.59729226751691,0.9492797693443928,1.2763192131540613,0.10180191873053186,0.000557860707415163,0.6549712523421514,65910215.391573794,1.2822219411038511,863.7694920486832,0.20357359761889532,5000000.0,1.0,1.0032775904269726e-05,1.393975305321797,1.0,0.3543136633173437,8.308465953749562e-06,0.0007543490006472299,0.00018367489740915932,3.9982349437202036e-12,0.004485341090788644,30000000.0,9.270366763862689e-10,,,
24,148.50879406929016,7.867740124977693e-05,4,3.2313202738175994e-06,8.945073946691515,0.8583960961805468,1.2947392127351975,0.1,0.0028745690574513726,0.7635929779265581,65574151.84418632,1.437297759407039,807.9482520005874,0.05752713795839412,9764239.991212768,0.9165150808383207,6.448075008077964e-06,1.9469182138683319,1.0864478765074044,0.2289451338631049,8.834373676586893e-06,0.00012543569210473287,0.00014114621905064474,7.106961992706538e-12,0.002155693779532049,30000000.0,7.592484347559121e-10,,,
24,157.41854310035706,6.582222371860066e-05,5,3.1265079665648803e-06,2.261888246224907,0.8344574436350116,1.4662485390588103,0.21703976143421638,0.0013607316848957146,9.572573161899559,59731570.65626417,1.4175849550360105,701.1211008935462,0.0837039780799004,19720641.790278792,0.6838441932605137,2.8527692295012234e-06,1.9995373636991411,1.0,0.09472274804764941,9.999202689677525e-06,0.0006493937485266825,0.0001779526731616416,3.864698395252629e-13,0.004011232915705005,22495689.51105751,2.2720289117630569e-10,,,
24,155.32718515396118,5.3404489854644565e-05,6,3.4397453166570663e-06,37.320734020253944,1.0,1.5159484359815267,0.1,0.0003855153298521605,7.885517432085911,73001514.4676728,1.414980028519755,996.3520687961665,0.08227077613758987,11236468.478164315,0.9604009760566881,4.177219642428167e-06,1.694879568802273,1.046335846788969,0.10652112707002925,1.0523637137341676e-05,0.0008465557372658711,0.00019004180568863753,3.6200019740738886e-13,0.003573319340008538,25796604.21015604,7.854315372161376e-10,,,
24,109.05029773712158,6.610254390623837e-05,7,2.9341191565382327e-06,1.835377544896873,0.8449201391942645,1.391678324732955,0.7294895988848431,0.0011304163922917422,9.999999999999998,57688096.79678103,1.205423072488625,700.0,0.0703230820853956,13418081.884019261,0.6940578110428176,1e-06,1.8077916748525706,1.0,0.09656180117316632,1.0459737416213093e-05,0.0005790736583155869,0.0001909386870698831,3.7867555857159277e-13,0.0036364343727392345,14582955.939298281,8.302572415980309e-10,,,
24,153.87515807151794,6.888246996876017e-05,8,3.464495348914197e-06,29.249058724565266,0.7641978048148066,1.0327156034259308,6.196674469758986,0.0024959935924349606,2.154638953157719,55003154.15548249,1.8669615511070887,704.9500971725723,0.07990950991493431,11095523.334578872,0.7514904191919081,1e-06,1.771885874037443,1.3461538964077349,0.10800493600932737,9.264990735618197e-06,0.000597668693297276,0.0001994238777024281,3.8060273689714223e-13,0.003969967571130767,15091458.02250188,4.914907784705366e-10,,,
24,152.3893461227417,6.0545621178196775e-05,9,2.9518893120771315e-06,2.4789837593623423,0.9603235270367698,1.6927716569312943,0.1,0.0003802639724046768,0.6015916639962576,67518038.58363375,1.3214391785341308,700.0,0.08859902168650147,15226141.503412358,0.7981037497553162,1.3516702412723257e-05,2.0,1.0549553203377888,0.32991975169054,1.4356311421111375e-05,3.3224601168915108e-06,0.0001738914495576182,3.4597863075723984e-13,0.004320172005215735,27639782.580480184,1e-10,,,
25,108.35213899612427,6.779449378878342e-05,1,2.9923038251315856e-06,1.0529049613370673,0.7619620899146209,1.5166792725130236,1.1872505631351105,0.002678010341600005,5.880585599684245,53956953.52953583,1.2045695960483287,717.3798124650367,0.07599432079329776,20093784.937348843,0.559666782846298,1e-06,1.8582577565218326,1.0,0.10204712396998393,8.961423367595228e-06,0.0008828786510369148,0.00018214838117405728,3.601337220100748e-13,0.003532949924055688,13585870.242485238,6.983517152787322e-10,1.063507809685393,,
25,151.78669834136963,6.999006733536637e-05,2,3.3298084754054944e-06,16.153019404559586,0.8162044816809875,1.2853796464326153,1.113250092940137,0.0021250582032139097,0.7690048779254813,62012087.14347956,1.6843126326718525,771.4732308959017,0.08917939861050894,13426917.154232752,0.7025185494781263,3.623943995716655e-06,1.9164821357131938,1.0318578979428028,0.2508077126514861,9.371757068888657e-06,0.0008006224899092074,0.0001911760714711943,2.2137209571670424e-13,0.002802272731371674,10163359.89613256,8.311887050166467e-10,1.000127093032311,,
25,96.6359601020813,6.976601958860702e-05,3,3.178055845610732e-06,6.843036288100084,0.84371059447535,1.2832291430543283,0.1,0.003041590968942603,0.6880859941836827,59814062.45340299,1.4987891989315054,701.5143424582625,0.1994931570338619,5000000.0,0.8535427511487386,3.994930820317397e-06,1.9234470673546178,1.0240521248646077,0.3047351759375068,8.230305536139054e-06,0.0006650961956961495,0.00015861094238630013,5.177030603403022e-12,0.0023643238190400925,23291716.116490938,7.14389486384401e-10,1.1684396158489658,,
25,157.14239692687988,5.3808790555462534e-05,4,3.0999693509981038e-06,1.9763143628638744,0.7958813908406421,1.4188928855999587,0.5838392188268154,0.0017177445124973007,8.73099836631213,55295677.70841496,1.4071596349595017,700.0,0.11659246326653024,17442744.430868916,0.6097859452057,2.170212681645579e-06,1.7889942431931583,1.0,0.09840567099045544,8.42274013847521e-06,0.0008514335504775624,0.00019579661741588565,4.2062890765414986e-13,0.004334687196066286,23108738.31533541,1.4166114276654244e-10,0.518701908040423,,
25,166.84840726852417,6.969133913736304e-05,5,3.386303156483119e-06,8.747905288970918,0.8586801149244836,1.3925075527094786,0.11566701809880814,0.0018790282908816567,0.6727692245335019,64287675.40219997,1.7208738601365305,700.0,0.14732320650623507,14041456.728793677,0.7829421067652309,6.947868261833984e-06,1.9999504348634973,1.0,0.34185969178903586,9.048432403335694e-06,0.0007651000753408776,0.0001792195398247406,2.378801187794758e-13,0.003048098460357374,30000000.0,1.0107820290455369e-10,0.5592766422166642,,
25,124.96602821350098,6.490137649495383e-05,6,3.330810304845939e-06,3.075177255418997,0.8010485695682106,1.5832625017036754,5.626491257265736,0.0015958172968538037,0.6963536742426084,60509213.70989602,1.1050650510686117,922.3613345401513,0.054637620188545455,20637185.49853518,0.67587365457046,1.1808346111010287e-06,1.8636198392088863,1.5827486024448492,0.36268854743409723,9.571190430894571e-06,0.000915599291826435,0.00013591860571647525,1.8814245403988195e-13,0.004429544783150094,16542498.936793778,1.4629563987460246e-10,0.9246208312144271,,
25,154.77769804000854,6.856616424528327e-05,7,2.8962724862030385e-06,1.1731519977740479,0.7793839172839178,1.33744648072333,12.444233163623899,0.0016610357886337793,1.9777253403919153,54417561.54812383,1.128241377156271,713.2353896892608,0.08241831169589756,14176570.943769215,0.6341184326787341,1e-06,1.6602546861270358,1.6173921712451353,0.11680799258907738,8.522316336388193e-06,0.0009206048895885917,0.00019369579475407697,3.5610944387747025e-13,0.004639801456705502,24624836.395620905,4.951397351083037e-10,0.7711784135065891,,
25,108.24451112747192,8.395817021495591e-05,8,3.4161248537623267e-06,6.0921552154445475,0.8297313918706206,1.1302891293742288,2.935360545821979,0.002023613149985812,0.628730832579013,61619107.4823678,1.254274358121561,822.0660502583405,0.06686908999107026,21872826.593401443,0.7811409755983456,1.9133406743273942e-06,1.9891795516688187,1.4156696283497936,0.27543036779779545,1.3473033247064574e-05,0.000952134860752195,0.00016236377539894338,2.2283504866949484e-13,0.0023340390266875727,15927516.647659743,1.8973873801661412e-10,1.1939533497111547,,
25,75.6570029258728,7.960127925790089e-05,9,3.248521453053718e-06,7.503410835579714,0.9367882556409257,1.5851282827491922,0.10233566087387412,0.0009863369925289156,0.5352462694254538,65708149.926673755,1.3768242277997176,835.9002723927026,0.05916349446587407,9559234.960653078,0.7322537198569219,2.4661771540584374e-06,1.933471405682053,1.0,0.31160905193383576,9.623883846626186e-06,0.0006971266913477435,0.00012659140670698198,3.853651775192721e-12,0.0021331228166716646,30000000.0,6.335005834803952e-10,0.5938152042855869,,
26,173.88233518600464,6.745421166255431e-05,1,3.0996502480135374e-06,1.3033926747331737,0.7480224789801106,1.4456831739136273,0.9930583047247622,0.0036843295136472173,9.998988677678524,53668416.29005288,1.2360278112690926,758.9330979478618,0.07377935816250379,20885718.49946267,0.5858112103696207,1e-06,1.9037573960034555,1.255005094653692,0.09607604538095262,8.086027036667307e-06,0.0005166387299295728,0.00019289216897017017,3.9865432769302774e-13,0.0031960892368870873,29806484.668145236,9.026235949350513e-10,0.7197579802868459,1.3616166038055812e-08,
26,163.19805431365967,6.717616581974298e-05,2,3.313337184978092e-06,11.446746022818532,0.8000582028803713,1.2846787544513898,0.48835418296004607,0.001771714553683144,0.6098547239145643,59896841.542041376,1.5386502442023988,742.1679087610503,0.0594980099774998,8879498.294093471,0.6133461014298159,1e-06,1.9371959500278833,1.0117745986500675,0.36576619093474083,9.80890274226669e-06,0.0002794955778666425,0.00015954623763381537,2.0107885882215437e-13,0.003417397161229121,19728740.599540785,5.88739600457762e-10,1.1713485305770823,3.111038631892612e-08,
26,95.04902410507202,6.167481379507354e-05,3,3.345667741408632e-06,19.935138077202875,0.9304517140471629,1.4255831480046615,0.22165548681230787,0.0005801928853806618,2.468589705654039,62105335.55764015,1.696547676955428,837.7776783634494,0.19074275071792557,11519887.615004545,0.8277977442890727,4.756787453428784e-06,1.9982268117936708,1.000961003573658,0.11343841522625561,9.794838505284537e-06,0.0008602998334980855,0.00018855706661218956,3.9201597376204685e-13,0.004647649962519056,27695438.123398285,8.991608537773392e-10,0.5071280800980607,1.3760067589314051e-08,
26,168.63749384880066,6.59787527937043e-05,4,3.113672740291976e-06,1.2932137603764058,0.8087111744348117,1.2527081534744522,12.381498963094177,0.00214166007095994,1.8341091967219774,58855006.219543144,1.3182823619559119,735.6049413289676,0.05945127042674406,24393975.507780183,0.7342227522327763,2.1801139579471626e-06,1.336527883545732,1.7264942809030042,0.09549784740939972,8.019677178109e-06,0.0005904723262191787,0.0001587899792573475,3.3052351278137545e-13,0.002825061743976219,20521084.052047204,8.069890610870717e-10,1.103819616294579,1.6055577356559203e-08,
26,170.54762887954712,7.690599256684326e-05,5,3.36731501705313e-06,16.4111789384649,0.7364578258764694,1.2881916671134914,11.31901904134725,0.004434090369772332,0.8954439963009587,56355098.44380257,1.8074589195732644,700.0,0.06825374867229549,8620843.948277937,0.660806183032981,4.454454614482382e-06,2.0,1.8831205467640386,0.15293651963759777,8.397111790542903e-06,0.0001774576747063638,0.00015331248442815326,2.7723604279416854e-13,0.003351919459805991,15814250.072328743,1.4955091874188487e-10,1.3184806894488288,1.578232830549026e-08,
26,173.86460709571838,5.009475946557069e-05,6,3.1363865100996726e-06,0.9983514488380765,0.8440010217555545,1.5195421129872715,0.3442904983069103,0.002132365330820738,4.827607282138875,62480713.5817679,1.0034140217596919,897.4031245349074,0.06605356102356556,25464279.19265785,0.7442653301801412,1.7937224004423e-06,1.930867449817531,1.0912427792380839,0.09071968817497336,8.13043206732776e-06,0.0009557486749238365,0.00015928911621850063,3.524603791641207e-13,0.0026622584317957812,14897522.481023278,1.1469115975696104e-10,0.9950699294957113,1.620306906913772e-08,
26,165.67601680755615,6.81570202095932e-05,7,3.3038527707192464e-06,13.19652199822194,0.8126285386143108,1.3712525600181582,0.148598526196985,0.0020562313749178584,0.8131582100648533,52170473.74231535,1.7116659551778075,700.0,0.11086952714054191,9376947.737480318,0.5505761685625028,1e-06,1.76702842322178,1.0,0.21371137892385011,1.035367472543394e-05,0.0009213359628594456,0.00019844060356610555,2.839776449280605e-13,0.002426598529234209,29736364.987995286,2.3834886825271433e-10,0.8701606414761505,1.1420407404501945e-08,
26,171.41445088386536,6.798017368767653e-05,8,3.4821162836958164e-06,19.43999114238558,0.9800107563746343,1.8711618243026318,0.10544160908695564,0.0003918696282840338,9.491978026795486,69446257.28209181,1.4884811780089935,1088.1873307590859,0.07345008831024148,23332258.902991142,0.6961185367815645,8.832367183393148e-06,1.9730561873786785,1.0,0.12298632858311509,8.291652016629025e-06,0.0004954858463273126,0.00018676933220353233,3.3188680270445856e-13,0.003936953773604933,26260968.640402492,3.5478919927951853e-10,0.8428797056776907,2.470316539670364e-08,
26,162.56754875183105,6.502373137817953e-05,9,3.363874973223161e-06,6.819484647879668,0.9028146189823639,1.6846337029256446,0.10020298847618654,0.0010308750090495546,2.8281610687429675,61706191.17080904,1.6490852746460176,770.5950584408436,0.07894486469243628,16221096.393369839,0.717504547488177,1.0025312743824122e-06,1.5226692636158305,1.0,0.09459620179118013,8.256006025012092e-06,0.0007044722131781055,0.00017758189499780965,5.188810329143374e-13,0.002511596815048504,27494051.31731461,5.675183646059877e-10,1.2517209678795913,1e-08,
27,184.12978601455688,6.192833040679809e-05,1,3.2862789846178345e-06,5.025692662233396,0.9976804362454287,1.7655479963967151,0.14420830708446442,0.000572902953815087,9.999999999999998,75560079.66330555,1.223883055335621,1100.0,0.0538470009511147,25376817.583163224,0.7882555187055967,6.262197308426907e-06,1.8077722485404146,1.0,0.08974040114839649,9.28458456190161e-06,0.0005376504504986423,0.0001379845304429396,3.122018423912737e-13,0.0028193845199305104,20322525.06186705,5.03731644130735e-10,0.8626373329196236,3.067713707530946e-08,45042.354386737454
27,169.82012486457825,6.932496206471456e-05,2,3.3044529058070268e-06,23.821843055972046,0.898853561663216,1.3374897018502894,0.1613423070014831,0.0008279669455988124,0.5731114290550657,68789454.19618997,1.6951808091409002,794.772307679891,0.0576830811089292,9698442.712159364,0.7144806111149685,5.748677910660989e-06,1.6650656858234445,1.0,0.3968685117270406,9.499639538735719e-06,0.0005219405751597922,0.00013844441851199035,9.542069699450695e-12,0.004111149609149446,30000000.0,8.648814868746273e-10,1.0368084890446876,1.9131738941320428e-08,46413.086678609456
27,143.14213800430298,7.046263142893997e-05,3,3.2721978942011415e-06,11.698493226705951,0.9096292615189079,1.2263791559251316,0.2659761949432675,0.00099735619262664,0.8439640834481685,66614393.135212325,1.5102896030092219,784.6338707787882,0.24420053510938378,5000000.0,1.0,4.337308672399803e-06,1.5922831230105803,1.160829063305467,0.1612287794756731,8.009415175918602e-06,0.0009247179845884723,0.00014356981882930408,9.68528905936572e-12,0.004118510706638762,21283903.455628604,9.481539806048688e-10,1.0478854484707694,3.113269157246466e-08,60916.04509890926
27,170.93342995643616,7.286049856055836e-05,4,3.3537436055544054e-06,30.95296893345116,1.0,1.3475061818715033,0.1,0.001383923374328672,0.80624086911739,80000000.0,1.6379009499647554,1100.0,0.08197660539255625,26073878.571560677,1.0,9.321096973546432e-06,1.6119263499749386,1.0111867716496419,0.36196921144594896,8e-06,0.0007422678257236617,0.00010510366461153846,9.394481538011038e-12,0.002,10996379.614752188,1e-09,1.3701627989324632,4e-08,40000.0
27,173.66606211662292,6.677710470104859e-05,5,3.082906007563486e-06,1.3459166954617563,0.7746985296076192,1.4609931029239311,0.7285927877128708,0.0027114695732134786,9.097570350453099,55829910.56237084,1.2007324381508553,738.6219645830976,0.06874598031939318,17303540.591875046,0.6567121641184944,1e-06,1.9541427910175801,1.0,0.07711915685791465,8.240305175599518e-06,0.0009970059415490835,0.0001433832258647819,3.5234799165776207e-13,0.0036275593184689325,18037906.55915077,6.781141936909355e-10,0.937493507798361,2.5055380830097596e-08,60328.24351524199
27,210.3024399280548,5.333041149305254e-05,6,3.162572283338037e-06,1.8136425218336054,0.8257716131172022,1.340630258466776,0.6999086806614201,0.0011487449151245813,9.353535105334261,59907438.74548298,1.4532146187353396,727.4980619982475,0.07704385005103595,29919772.94581258,0.7016629229308197,1.1640331434326994e-06,1.9528896470800623,1.0,0.09503720967258233,1.01382770244828e-05,0.000629212784619908,0.0001999994162952573,4.0836029481734073e-13,0.0049742386612636885,17215894.949242815,7.003409390320486e-10,0.8237451658000472,1e-08,60750.58954405742
27,176.7791759967804,6.615003142689861e-05,7,2.782067938203932e-06,0.8681078010673196,0.764899948586381,1.3281335020190954,5.147029209881309,0.003753917169331246,9.987971457161237,52037410.47275838,1.0007948489404035,730.8472389748647,0.07350995880191945,13969881.337392358,0.5710042527245811,1e-06,1.89675809747214,1.518868300516532,0.08723156861553531,9.084405174754626e-06,0.0008070564379477091,0.00018834638073439718,4.031135817769551e-13,0.0028226815895322694,29070300.86704151,8.650029700391995e-10,0.5600055851352824,1.4954891256498946e-08,48265.42182153658
27,164.72928404808044,8.958358613640921e-05,8,3.5422200215877454e-06,15.26632360543785,0.9678235257290791,1.5240171699418037,1.0088901421061327,0.0005077224987965108,1.0101627248106484,73925204.64104937,1.3414803473276122,990.8934961221662,0.06571500438011839,21750186.893821508,0.8495283501518205,4.403525749594454e-06,1.37637739732471,1.3500954568341759,0.22483698601791996,1.1378928365112915e-05,0.0004166241934077875,0.00018524122394489038,2.5042126217752904e-13,0.0030550593856751825,23137039.803039163,3.0080209251679864e-10,0.625814616229828,3.9217555340977693e-08,48291.23100900081
27,170.99117588996887,7.226649550360476e-05,9,2.8929645887635044e-06,0.5633928275466814,0.7770289741790919,1.790206011477705,17.38191600806587,0.0032760194392682396,0.7938680041278299,54229329.30006612,1.1764352003905945,700.0466375049568,0.061614607499995436,23300275.221949074,0.6699841974489387,1e-06,1.994990171453198,1.7335450028086759,0.33723734218627915,8.543618561850494e-06,0.0009407770398912495,0.00014735385659735858,2.0842590645159623e-13,0.003121176042989951,19376266.96264559,6.878243338921333e-10,1.3052872971822356,3.5404793806517266e-08,55515.7435794587
